CHROM	POS	alt	s	null
2L	882308	-44.95753642999158	0.02	-49.90555824009667
2L	12113907	-29.177248625314206	0.03	-36.25732241639982
2L	18221161	-24.345142988403925	-0.005	-24.409924085330058
2L	23873848	-32.114127223109136	0.025	-38.391562074702506
2L	25434111	-43.23627516608416	0.02	-46.747513581745075
2L	27702948	-45.126240826588244	0.02	-49.816573356136296
2L	32369898	-43.42501542711117	0.015	-46.763822395338124
2L	35762297	-38.86275307824576	0.025	-44.29815379643728
2L	41796425	-39.553738560682966	0.025	-45.06378985537585
2L	45080972	-30.008759626722235	0.03	-36.424623460044764
2L	57156749	-29.58728867667647	0.03	-36.94346706365426
2L	60306838	-21.240135702055298	0.04	-30.72137921639143
2L	60923392	-15.857235657621311	0.045	-26.427087030198077
2L	61100606	-38.996326014169895	0.02	-43.975936690173945
2L	61273366	-40.70691927267399	0.02	-45.64118467753156
2L	67389795	-37.47675667394863	0.025	-42.88012868882727
2L	68970025	-39.422376605838195	0.025	-44.843825958866184
2L	72726832	-20.857973872250543	0.045	-30.94565544206492
2L	72780907	-42.82448402290606	0.015	-45.15427483236131
2L	74388294	-21.136758488749567	0.04	-30.118978548839788
2L	77472627	-37.37571212689298	0.025	-42.7824195440985
2L	81979042	-38.71838168366096	0.02	-43.67014526011971
2L	82048543	-38.7236017371488	0.02	-43.41467444598802
2L	85027390	-23.583539433922272	0.035	-31.73067264442553
2L	85714646	-38.266127596569376	0.02	-43.323247066563695
2L	98801178	-43.818415457295146	0.02	-48.00953868235075
2L	101293958	-11.032740256530262	0.065	-24.530425770374748
2L	102046877	-18.093900647186203	-0.005	-18.174715629608126
2L	105573075	-14.654939940622825	0.045	-24.71442135810629
2L	106378573	-43.92593436581359	0.015	-46.81049169782723
2L	109074366	-32.25578575411149	0.03	-38.98707270004975
2L	111029939	-23.81053735093681	0.03	-31.175336615745856
2L	134887343	-38.99323706299334	0.02	-43.848643910429075
2L	143658453	-12.21133293209103	0.055	-23.83693953074273
2L	146242812	-40.88580655225523	0.025	-46.68926295389925
2L	146928484	-23.26244832256185	0.035	-31.286120047390057
2L	147705167	-38.357312626190705	0.025	-44.173612433420324
2L	157443036	-38.44311543225491	0.025	-43.795011665446296
2L	158249268	-29.525556600928198	0.03	-36.26244135927774
2L	159440809	-38.98093667042095	0.02	-43.888510265434356
2L	165070812	-35.633903833408404	0.03	-42.262598539119246
2L	166752444	-23.416327795048467	0.03	-30.542599914497504
2L	172913751	-32.51139598350997	0.025	-38.622663741298105
2L	174797453	-23.920242642145073	0.035	-31.68529351596296
2L	177409691	-41.14811218787663	0.015	-42.99196836204573
2L	178387011	-43.083024613567915	0.015	-45.808065636655385
2L	179747336	-23.163737457712283	0.035	-30.74625047703507
2L	180919508	-35.89205059130069	0.025	-41.68078662409633
2L	184165168	-15.799000904130498	0.035	-24.132520346820453
2L	186847724	-21.972114377745655	0.035	-30.19123943481711
2L	188943599	-34.02373747560407	0.025	-39.39595269615033
2L	196848960	-43.16427733457384	0.02	-46.657471520936845
2L	199726723	-14.759276383347421	0.045	-24.787212586164642
2L	202038425	-31.794916720958295	0.025	-37.899740983860625
2L	203475990	-23.540352753215178	0.03	-30.54426491688806
2L	207324253	-14.395724496350603	0.045	-23.924641790816047
2L	208652400	-27.30509282616113	0.03	-34.66840667436834
2L	211219943	-20.832314180545975	0.04	-30.28819615457779
2L	228847009	-43.64193729101484	0.025	-48.81916011065765
2L	237555830	-21.331152458901013	0.035	-29.263352102145756
2L	241413542	-29.223576267575115	0.03	-36.402875915283026
2L	250140788	-38.772487737052685	0.025	-44.63851784786725
2L	252997158	-31.93894350951428	0.025	-37.94086477492265
2L	261922979	-31.093324769903106	0.025	-37.349088674762314
2L	271150326	-21.54721421826723	0.035	-29.92771615370636
2L	278460363	-39.35503207673659	0.02	-44.33156495308672
2L	279846448	-44.4135442172609	0.02	-48.71342602010114
2L	282816974	-11.89612568889476	0.05	-23.054830350638298
2L	297555631	-42.097151107897254	0.015	-44.397263007439264
2L	309857862	-27.079197524686844	0.03	-34.260361769566806
2L	310276917	-38.27603395811396	0.02	-43.192026286537086
2L	315299952	-5.3153853653477166	-0.005	-5.4164653286077336
2L	316092639	-41.92431319942715	0.015	-44.34137390917927
2L	320597666	-43.37370677174084	0.02	-47.50256874100839
2L	322698183	-14.720674534135405	0.05	-25.75232204475123
2L	324707417	-39.430144560195	0.005	-39.6750650847747
2L	331641119	-30.13332599756743	0.03	-36.97606981125993
2L	332357375	-14.581600857187755	0.045	-25.1715798941059
2L	333913566	-41.78478941968547	0.015	-43.817531219423834
2L	334190101	-37.265100272547215	0.025	-42.837972062352186
2L	334615691	-29.691594636294393	0.03	-36.64910944206793
2L	341738963	-43.239689783953644	0.02	-46.712139753100374
2L	347083617	-45.0825814032	0.02	-49.7077760030381
2L	348589733	-12.830878139556695	0.045	-22.36913424698141
2L	354128154	-32.91722555558241	0.025	-39.13549318564676
2L	359198405	-38.608442292290285	0.02	-43.63374146992947
2L	362219637	-19.774693012852765	0.045	-29.950667867586336
2L	362786637	-15.847847616251995	0.05	-26.143645012916583
2L	366628650	-40.745234317242534	0.01	-41.802243504211006
2L	369250182	-11.733840654770898	0.055	-23.56844326077612
2L	369544004	-37.87274902259714	0.025	-43.371612736891215
2L	371155049	-23.648000309926474	0.035	-32.096491369060864
2L	372971433	-44.031625014031945	0.02	-48.04772053925207
2L	375782500	-30.20555699674664	0.03	-37.24915937175907
2L	376201602	-14.898472493171802	0.045	-25.049673410434988
2L	376795950	-38.799660494138955	0.02	-43.76354435548314
2L	379330389	-15.649378891457909	0.04	-24.807868647727943
2L	382665006	-21.787460427099685	0.035	-30.232203727655815
2L	387494262	-36.96754050819411	0.025	-42.89759262896684
2L	389116521	-23.913105263315508	0.035	-31.98574332992531
2L	393573349	-26.247939660957275	0.03	-33.01376481258586
2L	399042946	-31.274983580256823	0.025	-37.46490557866734
2L	404731750	-14.63682528132555	0.045	-24.990601782756
2L	405567094	-42.72873696430561	0.015	-45.84467982918691
2L	408407583	-42.82338788801784	0.015	-45.93385150334093
2L	418244744	-38.160121605521	0.0	-38.160121605521
2L	421101291	-29.91112003028431	0.03	-36.97903604209112
2L	423713861	-24.637610311594074	0.035	-32.795849327173386
2L	427431117	-44.59545111542439	0.02	-49.00655189756636
2L	427548764	-15.897561401112961	0.04	-24.966226045990418
2L	429993116	-12.64223773637694	0.05	-23.646192441443507
2L	438162834	-22.706347027650583	0.035	-30.837615541133005
2L	442169104	-23.854735873040063	0.03	-30.442906329549213
2L	442404934	-29.661794846226563	0.03	-36.277689414188806
2L	442946346	-29.602213844950708	0.03	-36.396769492153865
2L	448173036	-10.86640601211757	0.06	-23.00273970235297
2L	462106552	-37.77879563242614	0.02	-42.966132247810776
2L	462849066	-22.058046769970048	0.035	-29.81510436249693
2L	464005821	-22.465317243699463	0.035	-30.533832614098984
2L	465548654	-24.539661280697917	0.035	-32.382622363790766
2L	475642710	-23.434486536078033	0.035	-31.342151368013806
2L	475687988	-23.845308233718328	0.035	-31.966909538304385
2L	476463101	-37.334048617515286	0.025	-42.76400726446327
2L	478864358	-33.761809010693035	0.02	-38.96061527717229
2L	483152188	-43.767435383707536	0.015	-47.0147868210912
2L	486420164	-19.816820529520303	0.04	-28.593557215149712
2L	486667401	-43.24909039877797	0.01	-44.76415373730898
2L	491153855	-38.49766057895422	0.03	-45.02020119471503
2L	492265197	-14.882335992735724	0.045	-25.679623176285848
2L	493773010	-23.912235302992585	0.03	-31.140358478435658
2L	498466848	-32.500333555229986	0.025	-38.209462743073395
2L	504071505	-29.800569972956627	0.03	-36.856279931552855
2L	505109871	-30.335694040683382	0.03	-37.57028912815971
2L	513149359	-30.897902259286475	0.025	-37.19855656590628
2L	513549819	-29.525553381312317	0.03	-36.38907904001381
2L	513993896	-22.054932328685084	0.035	-30.224862334648844
2L	528143181	-21.66045052491439	0.035	-29.936851493836528
2L	532867765	-21.161231795849336	0.04	-29.975843628022837
2L	536494024	-44.64919892081709	0.02	-48.18901044369045
2L	543204032	-43.276850388316674	0.02	-47.4041789027989
2L	544935507	-30.21502477762535	0.03	-37.63314968754782
2L	545583734	-22.365497783690564	0.035	-30.401882466544574
2L	550209824	-38.815203435728165	0.025	-44.276201027082855
2L	552449720	-45.97536767663346	0.02	-50.69696869509684
2L	558323042	-37.9375218351941	0.025	-44.35533177305924
2L	559089649	-37.80000523898962	0.025	-43.4867057679964
2L	563731983	-42.44295413236242	0.015	-44.334285838065604
2L	566683856	-18.664490701240574	0.035	-27.152343659213987
2L	568026520	-11.628269912831145	0.055	-23.856808996213903
2L	572179594	-11.876385543548741	0.055	-23.487447361469467
2L	576297524	-33.99003267211021	0.025	-40.217856866782924
2L	589342148	-45.59035010632259	0.025	-50.87732165399955
2L	590349751	-30.070778086546063	0.03	-37.16567895991998
2L	590808553	-41.17657642617841	0.02	-45.49181187582466
2L	591004853	-11.437500717762362	0.055	-23.623124154314873
2L	599845664	-40.23389423075564	0.01	-41.4332280589033
2L	600321431	-12.818441753620139	0.05	-23.723330366669362
2L	602162929	-33.39478435974875	0.03	-40.486163326726945
2L	607729557	-43.509504981202475	0.02	-47.43810456121789
2L	608514981	-21.153966910104348	0.04	-30.574929294464393
2L	617877335	-36.859953591692104	0.025	-42.375436116108524
2L	618813204	-36.805357110172075	0.025	-42.33863931279406
2L	625236021	-23.717253601543867	0.03	-30.693792529261792
2L	635115866	-22.597133535907634	0.035	-30.60777370284469
2L	635546831	-29.98126479347615	0.03	-36.80104691314743
2L	653099887	-37.37567192377672	0.025	-43.24896322607798
2L	658216331	-23.82646521450882	0.03	-30.1925531119199
2L	658560923	-38.871799113575506	0.02	-43.2482514071472
2L	660234232	-43.84824243805972	0.02	-47.912213792217905
2L	668752037	-39.01115836195399	0.025	-44.76211898867696
2L	670451799	-16.19557043742435	0.045	-26.400105235874463
2L	675657779	-18.0543269446866	0.035	-25.649056871825614
2L	680998150	-42.63501243446042	0.015	-45.63119611266838
2L	681380685	-43.33984258237596	0.02	-46.993322303127265
2L	683613067	-12.440649617259162	0.045	-22.581377111716424
2L	684658031	-43.18914953088511	0.015	-45.988445713388856
2L	688733457	-15.438180345842836	0.04	-24.354865146547716
2L	688878399	-12.363500982405787	0.055	-23.976338831516077
2L	689317249	-21.840505199036354	0.035	-29.808510459010908
2L	692555416	-36.7200391279661	0.025	-42.52597983062353
2L	695491951	-42.130787641707144	0.015	-44.52138225888817
2L	702112516	-25.125302822416323	0.035	-32.62328248810236
2L	704036625	-29.93159036600242	0.035	-37.41773204479397
2L	720890101	-39.09303996280043	0.025	-44.49223327143765
2L	721302636	-38.49058737826081	0.02	-43.64014599099935
2L	722561031	-42.51568723941601	0.015	-45.59140845669003
2L	727543518	-14.572307633231345	0.045	-24.286069512221204
2L	729140038	-40.04860185600917	0.005	-40.58146259148222
2L	732121453	-29.894110034393165	0.03	-36.886712024624465
2L	732516484	-14.181150177536725	-0.005	-14.285511665779417
2L	734073156	-12.699423312121361	0.05	-24.16800349600691
2L	740269228	-14.100407216877633	-0.005	-14.225764744407572
2L	755040196	-43.55819362045969	0.02	-47.507959159014895
2L	763355252	-31.266831811742772	0.025	-37.52923431059904
2L	763941681	-29.86852374730843	0.03	-36.215516980571124
2L	764005782	-42.46045962654423	0.015	-45.078783813467886
2L	770851813	-41.945742876701786	0.015	-44.340874809685616
2L	773146524	-37.887724118092926	0.025	-44.21895632735286
2L	775210824	-14.700843803128903	0.045	-25.00500951546201
2L	778610405	-43.51330717416427	0.02	-47.282999106832634
2L	790305143	-23.989931324853224	0.035	-32.011377146089686
2L	790789842	-14.313790935277769	0.045	-23.758695911891373
2L	793914853	-37.32026470830632	0.025	-43.05494711839382
2L	800466590	-14.350465331961784	0.045	-24.033699654126305
2L	803044525	-14.803890490549021	0.04	-23.55510273090013
2L	804508541	-43.50059174376308	0.02	-47.837925976658056
2L	806314757	-36.80547022542415	0.025	-42.439094604801944
2L	811391873	-32.47937729553749	0.025	-38.33929967807339
2L	812088744	-12.86938286134849	0.045	-22.76513830182539
2L	813426407	-43.39282139690024	0.015	-46.520716061662085
2L	814353595	-32.111236263464036	0.03	-39.23447165499032
2L	816203033	-18.65672172213243	0.045	-28.43001455715812
2L	823839938	-37.151167675755865	0.025	-42.87158907143651
2L	823870198	-5.2466888493860715	-0.02	-5.74434261032657
2L	830668110	-16.15352736397677	0.045	-26.078953500880342
2L	836992528	-37.536045802710895	0.025	-42.85685570554978
2L	838175967	-31.8647240969865	0.025	-38.09375256088634
2L	846227094	-41.263388680600656	0.015	-44.624780426393016
2L	856277630	-18.19498152623641	-0.005	-18.254896668179533
2L	857758451	-21.6290583436321	0.035	-29.756067468475656
2L	861384926	-18.10381912048687	0.04	-26.84331322811425
2L	862280101	-23.7718456353432	0.035	-31.333550692069227
2L	878270927	-15.136758917647555	0.04	-23.88478362432053
2L	883485814	-33.18533225122548	0.02	-38.28502819632053
2L	886961223	-21.80058553580758	0.04	-30.66772974913358
2L	892631820	-42.057109604910394	0.015	-44.04293378565248
2L	892784723	-34.11404962351353	0.025	-39.97516510527818
2L	902464964	-43.07175655396492	0.015	-46.41521573038114
2L	903696166	-43.12118107884144	0.02	-46.742175013195826
2L	904040661	-40.27036304357319	0.005	-40.762996916792396
2L	911254772	-29.53759899425638	0.03	-36.50523591430257
2L	916599884	-20.837525758958147	0.04	-29.758680266348552
2L	920834065	-21.640324886121906	0.04	-31.013253889018948
2L	925127090	-29.624102272722407	0.03	-36.33901814058475
2L	929362246	-38.99336962852031	0.025	-44.42371533817511
2L	949251593	-33.55335192929569	0.03	-40.331245415287775
2L	954042563	-32.54388199679974	0.025	-38.71563561836444
2L	955714652	-23.066064465439414	0.03	-30.44361174522478
2L	956189401	-21.688019316497716	0.035	-29.909308523689607
2L	957233721	-11.823438048225444	0.055	-24.055432004996643
2L	959856924	-40.265157240834284	0.02	-44.92705745336835
2L	964054196	-30.70537468382516	0.025	-36.931391014170686
2L	967262046	-41.34227341567206	0.02	-45.92879978422021
2L	968748735	-24.267768627667273	0.03	-30.960805669418
2L	969688016	-29.461892075015736	0.03	-36.158983426684685
2L	969882704	-15.122511730751995	0.045	-25.16695964889004
2L	985963763	-42.59187269257481	0.02	-46.16378509174774
2L	997650594	-29.968283212847783	0.03	-36.923073005710044
2L	997839486	-15.326635259477513	0.04	-23.95315848381234
2L	998705099	-12.746400530234574	0.05	-23.303925596047602
